{
  "project_info": {
    "project_number": "917206462144",
    "firebase_url": "https://niko-220207.firebaseio.com",
    "project_id": "niko-220207",
    "storage_bucket": "niko-220207.appspot.com"
  },
  "client": [
    {
      "client_info": {
        "mobilesdk_app_id": "1:917206462144:android:919a020565792e2d",
        "android_client_info": {
          "package_name": "com.huya.niko"
        }
      },
      "oauth_client": [
        {
          "client_id": "917206462144-ibb89bsr6op5q4bjki11hc5k8o0pt5b4.apps.googleusercontent.com",
          "client_type": 1,
          "android_info": {
            "package_name": "com.huya.niko",
            "certificate_hash": "de3d4378e7793f3f216faaf08546eff50feaf040"
          }
        },
        {
          "client_id": "917206462144-a2p7mj3ei3er7k2hjgmcacmb8tvjfluq.apps.googleusercontent.com",
          "client_type": 3
        }
      ],
      "api_key": [
        {
          "current_key": "AIzaSyBskpQFGr2_4c1tQak20LJtBNMjDUMIs4o"
        },
        {
          "current_key": "AIzaSyCuEbbioL2mCqTKU5XGl6PTCbU8xJioTUc"
        }
      ],
      "services": {
        "appinvite_service": {
          "other_platform_oauth_client": [
            {
              "client_id": "917206462144-a2p7mj3ei3er7k2hjgmcacmb8tvjfluq.apps.googleusercontent.com",
              "client_type": 3
            },
            {
              "client_id": "917206462144-n03vrbs3sp5tn2u43fv98f7eja47ibif.apps.googleusercontent.com",
              "client_type": 2,
              "ios_info": {
                "bundle_id": "com.huya.yome",
                "app_store_id": "1448456421"
              }
            }
          ]
        }
      }
    },
    {
      "client_info": {
        "mobilesdk_app_id": "1:917206462144:android:16a7da8a1c25740e8cc725",
        "android_client_info": {
          "package_name": "com.huya.niko2"
        }
      },
      "oauth_client": [
        {
          "client_id": "917206462144-489f53f434cevav4nulcd9ip3qvbrp3f.apps.googleusercontent.com",
          "client_type": 1,
          "android_info": {
            "package_name": "com.huya.niko2",
            "certificate_hash": "de3d4378e7793f3f216faaf08546eff50feaf040"
          }
        },
        {
          "client_id": "917206462144-a2p7mj3ei3er7k2hjgmcacmb8tvjfluq.apps.googleusercontent.com",
          "client_type": 3
        }
      ],
      "api_key": [
        {
          "current_key": "AIzaSyBskpQFGr2_4c1tQak20LJtBNMjDUMIs4o"
        },
        {
          "current_key": "AIzaSyCuEbbioL2mCqTKU5XGl6PTCbU8xJioTUc"
        }
      ],
      "services": {
        "appinvite_service": {
          "other_platform_oauth_client": [
            {
              "client_id": "917206462144-a2p7mj3ei3er7k2hjgmcacmb8tvjfluq.apps.googleusercontent.com",
              "client_type": 3
            },
            {
              "client_id": "917206462144-n03vrbs3sp5tn2u43fv98f7eja47ibif.apps.googleusercontent.com",
              "client_type": 2,
              "ios_info": {
                "bundle_id": "com.huya.yome",
                "app_store_id": "1448456421"
              }
            }
          ]
        }
      }
    },
    {
      "client_info": {
        "mobilesdk_app_id": "1:917206462144:android:206c3cf45d5529a08cc725",
        "android_client_info": {
          "package_name": "com.huya.yome"
        }
      },
      "oauth_client": [
        {
          "client_id": "917206462144-lhebba3li0e3kqg4s2itn74526tgvdt8.apps.googleusercontent.com",
          "client_type": 1,
          "android_info": {
            "package_name": "com.huya.yome",
            "certificate_hash": "de3d4378e7793f3f216faaf08546eff50feaf040"
          }
        },
        {
          "client_id": "917206462144-a2p7mj3ei3er7k2hjgmcacmb8tvjfluq.apps.googleusercontent.com",
          "client_type": 3
        }
      ],
      "api_key": [
        {
          "current_key": "AIzaSyBskpQFGr2_4c1tQak20LJtBNMjDUMIs4o"
        },
        {
          "current_key": "AIzaSyCuEbbioL2mCqTKU5XGl6PTCbU8xJioTUc"
        }
      ],
      "services": {
        "appinvite_service": {
          "other_platform_oauth_client": [
            {
              "client_id": "917206462144-a2p7mj3ei3er7k2hjgmcacmb8tvjfluq.apps.googleusercontent.com",
              "client_type": 3
            },
            {
              "client_id": "917206462144-n03vrbs3sp5tn2u43fv98f7eja47ibif.apps.googleusercontent.com",
              "client_type": 2,
              "ios_info": {
                "bundle_id": "com.huya.yome",
                "app_store_id": "1448456421"
              }
            }
          ]
        }
      }
    }
  ],
  "configuration_version": "1"
}